timestamp,temperature_c,humidity_pct,mq135_co2_ppm,mq2_smoke_ppm,air_quality
2026-10-10 10:00:00,29.9,67.2,442,3,GOOD
2026-10-10 10:00:05,30.1,68.4,448,4,GOOD
2026-10-10 10:00:10,29.7,68.8,447,5,GOOD
2026-10-10 10:00:15,29.8,67.9,447,3,GOOD
2026-10-10 10:00:20,30.0,67.5,453,4,GOOD
2026-10-10 10:00:25,31.2,66.9,520,4,GOOD
2026-10-10 10:00:30,32.8,66.1,710,6,MODERATE
2026-10-10 10:00:35,34.5,65.0,1020,48,POOR
2026-10-10 10:00:40,36.1,63.8,1214,396,POOR
2026-10-10 10:00:45,33.4,64.9,830,120,MODERATE
